Y,y_i = β1x_i + β0,σ̂,R²,r,IC(β1),IC(β0),ICM(Y),IP(Y)
1001.0,1035.745259484714,,,,,,,
1326.0,1290.1286650597885,,,,,,,
1203.0,1203.362232150461,,,,,,,
386.1,387.95495924121064,,,,,,,
1297.0,1262.521163679548,,,,,,,
477.1,489.51112503281024,,,,,,,
1040.0,1061.380796480652,,,,,,,
577.9,613.7448812438931,,,,,,,
519.8,543.7401456011401,,,,,,,
475.9,490.49710722496184,,,,,,,
797.8,841.5067676308784,,,,,,,
781.0,817.8431950192435,,,,,,,
1123.0,1152.0911581585856,,,,,,,
782.7,824.7450703643035,,,,,,,
578.3,615.7168456281961,,,,,,,
658.8,695.5814031924635,,,,,,,
684.5,709.3851538825838,,,,,,,
798.8,852.3525717445441,,,,,,,
1260.0,1215.1940184562782,,,,,,,
566.3,596.9831839773183,,,,,,,
520.0,551.6280031383517,,,,,,,
273.9,199.04077122499268,,,,,,,
704.4,774.4599785645796,,,,,,,
1404.0,1348.3016143967243,,,,,,,
904.6,903.6236457364196,,,,,,,
912.7,951.936773151841,,,,,,,
644.8,699.5253319610692,,,,,,,
1094.0,1096.8761553981042,,,,,,,
732.4,770.5160497959739,,,,,,,
955.1,994.3340074143532,,,,,,,
1088.0,1098.848119782407,,,,,,,
440.6,429.36621131157176,,,,,,,
899.3,940.1049868460234,,,,,,,
1162.0,1161.9509800801,,,,,,,
807.2,852.3525717445441,,,,,,,
869.5,912.4974854657826,,,,,,,
633.0,666.9879196200714,,,,,,,
523.8,546.6980921775944,,,,,,,
698.8,739.9506018392788,,,,,,,
559.2,591.0672908244098,,,,,,,
563.0,587.1233620558039,,,,,,,
371.1,341.61379621009246,,,,,,,
1104.0,1142.231336237071,,,,,,,
545.2,571.3476469813806,,,,,,,
531.5,560.5018428677147,,,,,,,
1076.0,1100.8200841667099,,,,,,,
201.9,70.07430049158279,,,,,,,
534.6,560.5018428677147,,,,,,,
449.3,450.0718373467523,,,,,,,
561.0,592.0532730165612,,,,,,,
427.9,421.47835377436013,,,,,,,
571.8,606.8430058988329,,,,,,,
437.6,439.2260332330861,,,,,,,
1033.0,1058.4228499041974,,,,,,,
712.8,750.7964059529447,,,,,,,
409.0,397.81478116272524,,,,,,,
1152.0,1156.0350869271913,,,,,,,
656.9,712.3431004590382,,,,,,,
527.2,548.6700565618974,,,,,,,
224.5,111.68274900037409,,,,,,,
311.9,264.70718522227935,,,,,,,
221.8,109.71078461607124,,,,,,,
645.7,666.9879196200714,,,,,,,
260.9,166.4047606647797,,,,,,,
499.0,512.1887154522935,,,,,,,
668.3,719.2449758040982,,,,,,,
269.4,195.19544067560196,,,,,,,
394.1,377.1091551275449,,,,,,,
250.5,152.2066170977987,,,,,,,
502.5,522.0485373738081,,,,,,,
1130.0,1129.413567739102,,,,,,,
244.0,138.3042681884633,,,,,,,
929.4,957.8526663047494,,,,,,,
584.1,622.6187209732561,,,,,,,
470.9,475.70737434268995,,,,,,,
817.7,846.4366785916357,,,,,,,
559.2,595.9972017851669,,,,,,,
1006.0,1041.661152637623,,,,,,,
1245.0,1251.675359565882,,,,,,,
506.3,529.9363949110198,,,,,,,
401.5,390.912905817665,,,,,,,
520.0,577.2635401342893,,,,,,,
1878.0,1748.610384410213,,,,,,,
1132.0,1145.1892828135253,,,,,,,
443.3,445.1419263859948,,,,,,,
1075.0,1082.0864225158325,,,,,,,
648.2,689.6655100395549,,,,,,,
1076.0,1137.3014252763137,,,,,,,
466.1,480.637285303447,,,,,,,
651.9,705.4412251139781,,,,,,,
662.7,703.4692607296749,,,,,,,
728.2,777.417925141034,,,,,,,
551.7,570.3616647892293,,,,,,,
555.1,588.1093442479553,,,,,,,
705.6,746.852477184339,,,,,,,
1264.0,1259.5632171030938,,,,,,,
451.1,462.889605844721,,,,,,,
294.5,226.9440672628789,,,,,,,
412.6,405.70263869993687,,,,,,,
642.5,683.749616886646,,,,,,,
582.7,603.8850593223785,,,,,,,
143.5,-49.72253585481849,,,,,,,
458.7,462.889605844721,,,,,,,
298.3,235.71930877302657,,,,,,,
336.1,296.25861537112587,,,,,,,
530.2,554.585949714806,,,,,,,
412.5,409.6465674685428,,,,,,,
466.7,480.637285303447,,,,,,,
1509.0,1457.7456377255353,,,,,,,
396.5,380.067101703999,,,,,,,
290.2,225.95808507072718,,,,,,,
480.4,507.25880449153647,,,,,,,
629.9,667.973901812223,,,,,,,
334.2,298.2305797554286,,,,,,,
230.9,122.33135667560987,,,,,,,
438.6,438.24005104093476,,,,,,,
245.2,144.41735777980216,,,,,,,
682.5,728.1188155334614,,,,,,,
782.6,817.8431950192435,,,,,,,
982.0,1031.8013307161084,,,,,,,
403.3,386.9689770490593,,,,,,,
1077.0,1101.8060663588615,,,,,,,
1761.0,1652.9701117715226,,,,,,,
640.7,691.6374744238576,,,,,,,
553.5,580.2214867107436,,,,,,,
588.7,627.5486319340134,,,,,,,
572.6,603.8850593223785,,,,,,,
1138.0,1135.3294608920107,,,,,,,
674.5,750.7964059529447,,,,,,,
1192.0,1213.2220540719752,,,,,,,
455.8,463.8755880368724,,,,,,,
748.9,786.2917648703972,,,,,,,
809.8,855.3105183209987,,,,,,,
761.7,810.9413196741834,,,,,,,
1075.0,1081.100440323681,,,,,,,
506.3,521.0625551816565,,,,,,,
423.6,416.54844281360283,,,,,,,
399.8,388.94094143336224,,,,,,,
678.1,736.0066730706728,,,,,,,
384.8,374.15120855109035,,,,,,,
288.5,222.11275452133657,,,,,,,
813.0,850.3806073602414,,,,,,,
398.0,388.94094143336224,,,,,,,
512.2,533.8803236796255,,,,,,,
355.3,321.8941523670635,,,,,,,
432.8,435.2821044644804,,,,,,,
432.0,425.42228254296606,,,,,,,
689.5,736.0066730706728,,,,,,,
640.1,685.721581270949,,,,,,,
585.0,616.7028278203475,,,,,,,
519.4,543.7401456011401,,,,,,,
203.9,72.34205953353114,,,,,,,
300.2,221.4225669868306,,,,,,,
381.9,361.33344005312165,,,,,,,
538.9,558.5298784834117,,,,,,,
460.3,469.7914811897813,,,,,,,
963.7,1005.1798115280192,,,,,,,
880.2,922.3573073872972,,,,,,,
448.6,451.0578195389037,,,,,,,
366.8,336.6838852493354,,,,,,,
419.8,420.49237158220853,,,,,,,
1157.0,1154.0631225428886,,,,,,,
1214.0,1193.5024102289465,,,,,,,
464.5,478.6653209191443,,,,,,,
1686.0,1556.3438569406803,,,,,,,
690.2,737.978637454976,,,,,,,
357.6,326.8240633278208,,,,,,,
886.3,916.4414142343887,,,,,,,
984.6,984.4741854928386,,,,,,,
685.9,737.978637454976,,,,,,,
464.1,476.6933565348413,,,,,,,
565.4,586.1373798636523,,,,,,,
736.9,786.2917648703972,,,,,,,
372.7,354.4315647080614,,,,,,,
349.6,313.0203126377005,,,,,,,
227.2,116.90845461877677,,,,,,,
302.4,238.48005891105072,,,,,,,
832.9,884.8899840855422,,,,,,,
526.4,544.7261277932914,,,,,,,
508.8,525.0064839502625,,,,,,,
2250.0,1945.8068228405036,,,,,,,
1311.0,1341.3997390516643,,,,,,,
766.6,809.9553374820318,,,,,,,
402.0,386.9689770490593,,,,,,,
710.6,768.544085411671,,,,,,,
317.5,255.83334549291624,,,,,,,
1041.0,1067.2966896335604,,,,,,,
420.3,416.54844281360283,,,,,,,
428.9,426.4082647351174,,,,,,,
463.7,474.7213921505386,,,,,,,
609.9,664.0299730436172,,,,,,,
507.4,521.0625551816565,,,,,,,
288.1,220.33798657546413,,,,,,,
477.4,478.6653209191443,,,,,,,
671.4,727.1328333413098,,,,,,,
516.4,534.8663058717771,,,,,,,
588.9,619.6607743968018,,,,,,,
1024.0,1044.619099214077,,,,,,,
1148.0,1153.077140350737,,,,,,,
642.7,686.7075634631003,,,,,,,
461.0,467.8195168054783,,,,,,,
951.6,991.3760608378989,,,,,,,
1685.0,1558.315821324983,,,,,,,
597.8,623.6047031654077,,,,,,,
481.9,491.4830894171132,,,,,,,
716.6,752.7683703372477,,,,,,,
295.4,235.71930877302657,,,,,,,
904.3,939.119004653872,,,,,,,
529.4,554.585949714806,,,,,,,
725.5,767.5581032195194,,,,,,,
1290.0,1291.11464725194,,,,,,,
428.0,429.36621131157176,,,,,,,
2499.0,2033.5592379419827,,,,,,,
948.0,979.5442745320815,,,,,,,
610.7,661.0720264671627,,,,,,,
578.9,628.5346141261648,,,,,,,
432.2,434.29612227232906,,,,,,,
321.2,267.66513179873357,,,,,,,
1230.0,1214.208036264127,,,,,,,
1223.0,1187.5865170760378,,,,,,,
568.9,607.8289880909845,,,,,,,
561.3,598.9551483616212,,,,,,,
313.1,265.6931674144307,,,,,,,
761.3,814.8852484427891,,,,,,,
546.4,570.3616647892293,,,,,,,
641.2,675.8617593494346,,,,,,,
329.6,291.3287044103686,,,,,,,
684.5,740.9365840314304,,,,,,,
496.4,506.27282229938487,,,,,,,
503.2,526.9784483345654,,,,,,,
895.0,943.062933422478,,,,,,,
395.7,378.0951373196963,,,,,,,
386.8,368.2353153981817,,,,,,,
1319.0,1284.21277190688,,,,,,,
279.6,205.25245903554685,,,,,,,
603.4,645.2963113927394,,,,,,,
1670.0,1550.4279637877717,,,,,,,
1306.0,1281.2548253304255,,,,,,,
623.9,664.0299730436172,,,,,,,
920.6,983.4882033006872,,,,,,,
575.3,606.8430058988329,,,,,,,
476.5,486.5531784563559,,,,,,,
389.4,376.1231729353933,,,,,,,
590.0,617.6888100124988,,,,,,,
1155.0,1174.7687485780687,,,,,,,
337.7,295.2726331789743,,,,,,,
541.6,563.459789444169,,,,,,,
512.2,532.8943414874741,,,,,,,
347.0,312.03433044554913,,,,,,,
406.3,397.81478116272524,,,,,,,
1364.0,1326.6100061693924,,,,,,,
407.4,395.8428167784223,,,,,,,
1206.0,1207.3061609190668,,,,,,,
928.2,967.7124882262642,,,,,,,
1169.0,1179.698659538826,,,,,,,
602.4,638.3944360476794,,,,,,,
1207.0,1189.5584814603405,,,,,,,
713.3,772.4880141802767,,,,,,,
773.5,806.0114087134261,,,,,,,
744.9,793.1936402154572,,,,,,,
1288.0,1264.4931280638507,,,,,,,
933.1,972.6423991870215,,,,,,,
947.8,966.7265060341126,,,,,,,
758.6,801.0814977526688,,,,,,,
928.3,956.8666841125983,,,,,,,
1419.0,1305.9043801342118,,,,,,,
346.4,307.1044194847916,,,,,,,
561.0,601.9130949380756,,,,,,,
512.2,530.9223771031711,,,,,,,
344.9,317.9502235984578,,,,,,,
632.6,670.931848388677,,,,,,,
388.0,375.1371907432417,,,,,,,
1491.0,1406.47456373366,,,,,,,
289.9,222.50714739819728,,,,,,,
998.9,1029.8293663318054,,,,,,,
435.6,434.29612227232906,,,,,,,
396.6,379.08111951184765,,,,,,,
1102.0,1116.5957992411331,,,,,,,
572.3,601.9130949380756,,,,,,,
587.4,627.5486319340134,,,,,,,
1138.0,1151.105175966434,,,,,,,
427.3,419.50638939005717,,,,,,,
1145.0,1174.7687485780687,,,,,,,
805.1,863.19837585821,,,,,,,
516.6,532.8943414874741,,,,,,,
489.0,502.32889353077917,,,,,,,
441.0,439.2260332330861,,,,,,,
515.9,532.8943414874741,,,,,,,
394.1,372.1792441667874,,,,,,,
396.0,383.02504828045335,,,,,,,
651.0,682.7636346944946,,,,,,,
687.3,736.9926552628247,,,,,,,
513.7,538.8102346403828,,,,,,,
432.7,430.35219350372313,,,,,,,
492.1,516.1326442208995,,,,,,,
582.7,619.6607743968018,,,,,,,
363.7,337.66986744148676,,,,,,,
431.1,421.47835377436013,,,,,,,
633.1,667.973901812223,,,,,,,
334.2,298.2305797554286,,,,,,,
1217.0,1187.5865170760378,,,,,,,
471.3,490.49710722496184,,,,,,,
1247.0,1242.801519836519,,,,,,,
334.3,296.25861537112587,,,,,,,
403.1,391.8988880098166,,,,,,,
417.2,405.70263869993687,,,,,,,
537.3,563.459789444169,,,,,,,
246.3,149.34726874055957,,,,,,,
566.2,593.0392552087126,,,,,,,
530.6,548.6700565618974,,,,,,,
418.7,415.56246062145124,,,,,,,
664.9,702.4832785375236,,,,,,,
504.1,520.0765729895052,,,,,,,
409.1,399.786745547028,,,,,,,
221.2,109.61218639685603,,,,,,,
481.6,493.45505380141594,,,,,,,
461.4,462.889605844721,,,,,,,
1027.0,1058.4228499041974,,,,,,,
244.5,153.48839394759557,,,,,,,
477.3,487.5391606485073,,,,,,,
324.2,272.595042759491,,,,,,,
1274.0,1249.703395181579,,,,,,,
504.8,529.9363949110198,,,,,,,
1264.0,1267.4510746403053,,,,,,,
457.9,464.86157022902376,,,,,,,
489.9,511.20273326014217,,,,,,,
616.5,653.184168929951,,,,,,,
446.0,448.0998729624491,,,,,,,
813.7,866.1563224346646,,,,,,,
826.8,865.1703402425132,,,,,,,
793.2,842.49274982303,,,,,,,
514.0,541.7681812168371,,,,,,,
387.3,368.2353153981817,,,,,,,
390.0,371.193261974636,,,,,,,
464.4,474.7213921505386,,,,,,,
918.6,944.0489156146291,,,,,,,
514.3,542.7541634089887,,,,,,,
1092.0,1112.6518704725274,,,,,,,
310.8,252.87539891646202,,,,,,,
1747.0,1580.0074295523154,,,,,,,
641.2,683.749616886646,,,,,,,
280.5,209.09778958493746,,,,,,,
373.9,352.45960032375865,,,,,,,
1194.0,1202.3762499583095,,,,,,,
420.3,416.54844281360283,,,,,,,
321.6,273.58102495164235,,,,,,,
445.3,451.0578195389037,,,,,,,
668.7,717.2730114197955,,,,,,,
402.7,392.88487020196794,,,,,,,
426.7,440.2120154252375,,,,,,,
421.0,411.61853185284554,,,,,,,
758.6,814.8852484427891,,,,,,,
2010.0,1798.8954762099374,,,,,,,
716.6,748.824441568642,,,,,,,
384.6,360.34745786097005,,,,,,,
485.8,500.3569291464762,,,,,,,
512.0,548.6700565618974,,,,,,,
593.7,629.5205963183162,,,,,,,
241.0,137.31828599631183,,,,,,,
278.6,192.33609231836283,,,,,,,
491.9,498.38496476217324,,,,,,,
546.1,573.3196113656836,,,,,,,
496.6,520.0765729895052,,,,,,,
838.1,888.8339128541479,,,,,,,
552.4,583.1794332871982,,,,,,,
1293.0,1277.3108965618198,,,,,,,
1234.0,1253.6473239501847,,,,,,,
458.4,465.8475524211756,,,,,,,
1546.0,1402.530634965054,,,,,,,
1482.0,1432.110100729598,,,,,,,
840.4,874.0441799718762,,,,,,,
711.8,759.6702456823077,,,,,,,
1386.0,1369.0072404319048,,,,,,,
1335.0,1297.0305404048488,,,,,,,
579.1,611.7729168595902,,,,,,,
788.5,856.2965005131502,,,,,,,
338.3,304.1464729083375,,,,,,,
562.1,589.0953264401069,,,,,,,
580.6,608.8149702831358,,,,,,,
361.6,354.4315647080614,,,,,,,
386.3,373.165226358939,,,,,,,
372.7,350.48763593945546,,,,,,,
447.8,450.0718373467523,,,,,,,
462.9,483.5952318799016,,,,,,,
541.8,571.3476469813806,,,,,,,
664.7,701.4972963453722,,,,,,,
462.0,465.8475524211756,,,,,,,
596.6,630.5065785104678,,,,,,,
392.0,373.165226358939,,,,,,,
1174.0,1189.5584814603405,,,,,,,
321.6,273.58102495164235,,,,,,,
234.3,123.12014242933094,,,,,,,
744.7,789.2497114468515,,,,,,,
1407.0,1392.6708130435395,,,,,,,
446.2,455.0017483075094,,,,,,,
609.1,648.254257969194,,,,,,,
558.1,594.025237400864,,,,,,,
508.3,524.0205017581111,,,,,,,
378.2,352.45960032375865,,,,,,,
431.9,425.42228254296606,,,,,,,
994.0,1027.8574019475027,,,,,,,
442.7,438.24005104093476,,,,,,,
525.2,539.7962168325344,,,,,,,
507.6,537.8242524482312,,,,,,,
469.1,478.6653209191443,,,,,,,
370.0,340.6278140179411,,,,,,,
800.0,853.3385539366957,,,,,,,
514.5,528.9504127188682,,,,,,,
991.7,1035.745259484714,,,,,,,
466.1,471.763445574084,,,,,,,
399.8,382.039066088302,,,,,,,
373.2,350.48763593945546,,,,,,,
268.8,188.49076176897222,,,,,,,
693.7,739.9506018392788,,,,,,,
719.5,753.7543525293993,,,,,,,
433.8,434.29612227232906,,,,,,,
271.2,189.2795475226933,,,,,,,
803.1,790.2356936390029,,,,,,,
495.0,514.1606798365965,,,,,,,
380.3,362.319422245273,,,,,,,
409.7,402.74469212348254,,,,,,,
656.1,710.3711360747352,,,,,,,
408.2,406.68862089208824,,,,,,,
575.3,608.8149702831358,,,,,,,
289.7,222.50714739819728,,,,,,,
307.3,250.90343453215894,,,,,,,
333.6,295.2726331789743,,,,,,,
359.9,326.8240633278208,,,,,,,
381.1,359.3614756688187,,,,,,,
501.3,516.1326442208995,,,,,,,
685.0,731.0767621099158,,,,,,,
467.8,484.58121407205294,,,,,,,
1250.0,1251.675359565882,,,,,,,
1110.0,1117.5817814332847,,,,,,,
673.7,727.1328333413098,,,,,,,
599.5,640.3664004319824,,,,,,,
509.2,530.9223771031711,,,,,,,
611.2,646.2822935848908,,,,,,,
592.6,627.5486319340134,,,,,,,
606.5,644.3103292005881,,,,,,,
371.5,343.5857605943954,,,,,,,
928.8,964.7545416498097,,,,,,,
585.9,620.6467565889532,,,,,,,
340.9,304.1464729083375,,,,,,,
990.0,1039.68918825332,,,,,,,
441.3,444.1559441938434,,,,,,,
981.6,1012.0816868730794,,,,,,,
674.8,721.2169401884014,,,,,,,
659.7,694.595421000312,,,,,,,
1384.0,1342.3857212438156,,,,,,,
432.0,432.32415788802587,,,,,,,
1191.0,1193.5024102289465,,,,,,,
442.5,445.1419263859948,,,,,,,
644.2,694.595421000312,,,,,,,
492.9,506.27282229938487,,,,,,,
557.2,581.2074689028952,,,,,,,
415.1,408.6605852763912,,,,,,,
537.9,564.4457716363206,,,,,,,
520.2,543.7401456011401,,,,,,,
290.9,223.78892424799415,,,,,,,
930.9,946.0208799989321,,,,,,,
2501.0,1965.5264666835328,,,,,,,
646.1,681.7776525023432,,,,,,,
412.7,405.70263869993687,,,,,,,
537.3,560.5018428677147,,,,,,,
542.9,567.403718212775,,,,,,,
536.9,557.5438962912604,,,,,,,
286.3,215.21087917627642,,,,,,,
980.5,997.2919539908078,,,,,,,
408.8,407.6746030842396,,,,,,,
289.1,215.11228095706133,,,,,,,
449.9,449.0858551546007,,,,,,,
686.9,733.0487264942187,,,,,,,
465.4,471.763445574084,,,,,,,
358.9,334.7119208650324,,,,,,,
506.9,526.9784483345654,,,,,,,
618.4,662.058008659314,,,,,,,
599.4,632.4785428947707,,,,,,,
404.9,394.8568345862709,,,,,,,
815.8,864.1843580503617,,,,,,,
455.3,460.91764146041805,,,,,,,
602.9,632.4785428947707,,,,,,,
546.3,590.0813086322582,,,,,,,
571.1,612.7588990517415,,,,,,,
747.2,812.9132840584862,,,,,,,
476.7,489.51112503281024,,,,,,,
666.0,705.4412251139781,,,,,,,
1167.0,1178.7126773466748,,,,,,,
420.5,413.5904962371485,,,,,,,
857.6,907.5675745050257,,,,,,,
466.5,469.7914811897813,,,,,,,
992.1,1021.941508794594,,,,,,,
1007.0,1037.7172238690173,,,,,,,
477.3,490.49710722496184,,,,,,,
538.7,559.5158606755633,,,,,,,
680.9,728.1188155334614,,,,,,,
485.6,509.2307688758392,,,,,,,
480.1,491.4830894171132,,,,,,,
1068.0,1085.0443690922866,,,,,,,
1320.0,1292.1006294440915,,,,,,,
689.4,744.8805128000361,,,,,,,
595.9,624.5906853575591,,,,,,,
476.3,498.38496476217324,,,,,,,
1682.0,1538.5961774819543,,,,,,,
248.7,175.7715914902185,,,,,,,
272.5,215.9996649299976,,,,,,,
453.1,466.83353461332695,,,,,,,
366.5,352.45960032375865,,,,,,,
819.8,869.114269011119,,,,,,,
731.3,786.2917648703972,,,,,,,
426.0,419.50638939005717,,,,,,,
680.7,722.2029223805528,,,,,,,
556.7,583.1794332871982,,,,,,,
658.8,699.5253319610692,,,,,,,
701.9,745.8664949921877,,,,,,,
391.2,380.067101703999,,,,,,,
1052.0,1067.2966896335604,,,,,,,
1214.0,1223.08187599349,,,,,,,
493.1,531.9083592953227,,,,,,,
493.8,519.0905907973538,,,,,,,
257.8,178.43374340902733,,,,,,,
1841.0,1690.4374350732778,,,,,,,
388.1,372.1792441667874,,,,,,,
571.0,613.7448812438931,,,,,,,
293.2,232.85996041578744,,,,,,,
221.3,107.04863269726229,,,,,,,
551.1,589.0953264401069,,,,,,,
468.5,478.6653209191443,,,,,,,
594.2,636.4224716633764,,,,,,,
445.2,452.04380173105505,,,,,,,
422.9,420.49237158220853,,,,,,,
416.2,412.6045140449969,,,,,,,
575.5,610.7869346674386,,,,,,,
1299.0,1280.268843138274,,,,,,,
365.6,342.59977840224406,,,,,,,
1308.0,1288.1567006754858,,,,,,,
629.8,668.9598840043743,,,,,,,
406.4,414.57647842929987,,,,,,,
178.8,24.028932118110106,,,,,,,
170.4,20.282199787934587,,,,,,,
402.9,399.786745547028,,,,,,,
656.4,688.6795278474035,,,,,,,
668.6,715.3010470354925,,,,,,,
538.4,564.4457716363206,,,,,,,
584.8,629.5205963183162,,,,,,,
573.2,604.8710415145299,,,,,,,
324.9,279.4969181045511,,,,,,,
320.8,273.58102495164235,,,,,,,
285.7,216.6898524645036,,,,,,,
361.6,328.79602771212376,,,,,,,
360.5,332.73995648072946,,,,,,,
378.4,359.3614756688187,,,,,,,
507.9,521.0625551816565,,,,,,,
264.0,182.18047573920285,,,,,,,
514.3,531.9083592953227,,,,,,,
321.4,276.5389715280967,,,,,,,
311.7,263.72120303012787,,,,,,,
271.3,191.05431546856596,,,,,,,
657.1,700.5113141532208,,,,,,,
403.5,396.82879897057387,,,,,,,
600.4,647.2682757770424,,,,,,,
386.0,366.2633510138787,,,,,,,
716.9,762.6281922587623,,,,,,,
1347.0,1324.6380417850896,,,,,,,
1479.0,1387.7409020827822,,,,,,,
1261.0,1246.7454486051247,,,,,,,
858.1,898.6937347756625,,,,,,,
1265.0,1293.086611636243,,,,,,,
181.0,27.08547691377953,,,,,,,
1001.0,1095.3789151197807,,,,,,,
1326.0,1239.6801675582067,,,,,,,
1203.0,1198.2471346798468,,,,,,,
386.1,449.30934727169915,,,,,,,
1297.0,1271.1121235348935,,,,,,,
477.1,520.6027383279115,,,,,,,
1040.0,1049.6597064264179,,,,,,,
577.9,629.6144765561482,,,,,,,
519.8,591.0388942211237,,,,,,,
475.9,540.6048921312579,,,,,,,
797.8,808.2051355145963,,,,,,,
781.0,821.0636629596045,,,,,,,
1123.0,1232.536541199869,,,,,,,
782.7,822.4923882312721,,,,,,,
578.3,678.1911357928461,,,,,,,
658.8,722.9102367960415,,,,,,,
684.5,694.4786038898565,,,,,,,
798.8,885.3563001846458,,,,,,,
1260.0,1198.2471346798468,,,,,,,
566.3,590.4674041124565,,,,,,,
520.0,564.3217316409396,,,,,,,
273.9,202.99711043620778,,,,,,,
704.4,805.3476849712611,,,,,,,
1404.0,1301.1153542399127,,,,,,,
904.6,912.5020803463299,,,,,,,
912.7,998.2255966463849,,,,,,,
644.8,732.625568643381,,,,,,,
1094.0,1085.3778382181074,,,,,,,
732.4,803.9189596995936,,,,,,,
955.1,983.9383439297092,,,,,,,
1088.0,1123.9534205531322,,,,,,,
440.6,454.3098857225359,,,,,,,
899.3,952.5063879530223,,,,,,,
1162.0,1168.2439039748276,,,,,,,
807.2,869.6403221963023,,,,,,,
869.5,913.9308056179975,,,,,,,
633.0,678.6197533743464,,,,,,,
523.8,521.1742284365787,,,,,,,
698.8,705.9084060631974,,,,,,,
559.2,603.8974216661318,,,,,,,
563.0,572.1797206351116,,,,,,,
371.1,368.1577518409806,,,,,,,
1104.0,1173.958805061498,,,,,,,
545.2,588.4671887321217,,,,,,,
531.5,561.3214085704378,,,,,,,
1076.0,1108.237442564789,,,,,,,
201.9,79.6981194912953,,,,,,,
534.6,569.3222700917763,,,,,,,
449.3,455.8814835213702,,,,,,,
561.0,582.6094151182847,,,,,,,
427.9,408.4478045020064,,,,,,,
571.8,586.8955909332874,,,,,,,
437.6,422.5921846915153,,,,,,,
1033.0,1059.660783328091,,,,,,,
712.8,730.4824807358798,,,,,,,
409.0,388.73139575299365,,,,,,,
1152.0,1133.9544974548055,,,,,,,
656.9,706.0512785903641,,,,,,,
527.2,521.1742284365787,,,,,,,
224.5,117.27359413615272,,,,,,,
311.9,263.14644437341303,,,,,,,
221.8,121.84551500548889,,,,,,,
645.7,718.4811884538722,,,,,,,
260.9,186.70964233919733,,,,,,,
499.0,522.3172086539128,,,,,,,
668.3,732.4826961162144,,,,,,,
269.4,199.71104231137235,,,,,,,
394.1,366.72902656931274,,,,,,,
250.5,180.8518687253602,,,,,,,
502.5,503.4580350679007,,,,,,,
1130.0,1106.8087172931212,,,,,,,
244.0,180.8518687253602,,,,,,,
929.4,972.5085417563685,,,,,,,
584.1,632.9005446809838,,,,,,,
470.9,472.31182414554723,,,,,,,
817.7,828.2072893179425,,,,,,,
559.2,596.8966678349607,,,,,,,
1006.0,1058.2320580564235,,,,,,,
1245.0,1393.9824968983055,,,,,,,
506.3,529.4608350122508,,,,,,,
401.5,395.4464045298314,,,,,,,
520.0,576.608768977281,,,,,,,
1878.0,1791.168122421894,,,,,,,
1132.0,1185.3886072348384,,,,,,,
443.3,440.3083780601935,,,,,,,
1075.0,1071.0905855014316,,,,,,,
648.2,687.4778500586854,,,,,,,
1076.0,1083.94911294644,,,,,,,
466.1,480.741303248386,,,,,,,
651.9,709.1944741880327,,,,,,,
662.7,692.0497709280216,,,,,,,
728.2,772.4870037229068,,,,,,,
551.7,551.6060767230981,,,,,,,
555.1,578.1803667761153,,,,,,,
705.6,773.9157289945742,,,,,,,
1264.0,1232.536541199869,,,,,,,
451.1,452.30967034220134,,,,,,,
294.5,228.285547744724,,,,,,,
412.6,403.01864846966964,,,,,,,
642.5,690.7639181835209,,,,,,,
582.7,598.8968832152952,,,,,,,
143.5,-33.45692202477744,,,,,,,
458.7,444.16593629369595,,,,,,,
298.3,254.57409274340762,,,,,,,
336.1,304.0079871431059,,,,,,,
530.2,586.8955909332874,,,,,,,
412.5,414.87706822451037,,,,,,,
466.7,469.74011865654575,,,,,,,
1509.0,1523.9964966200562,,,,,,,
396.5,376.44435841665245,,,,,,,
290.2,233.85757630422756,,,,,,,
480.4,514.6020921869078,,,,,,,
629.9,738.626214784385,,,,,,,
334.2,321.5813079846172,,,,,,,
230.9,138.7044732111665,,,,,,,
438.6,434.30773191918956,,,,,,,
245.2,180.13750608952648,,,,,,,
682.5,750.1988894848923,,,,,,,
782.6,851.0668936646239,,,,,,,
982.0,972.5085417563685,,,,,,,
403.3,388.73139575299365,,,,,,,
1077.0,1075.3767613164346,,,,,,,
1761.0,1715.445683023512,,,,,,,
640.7,687.9064676401858,,,,,,,
553.5,571.0367404177773,,,,,,,
588.7,604.4689117747987,,,,,,,
572.6,594.7535799274594,,,,,,,
1138.0,1103.9512667497863,,,,,,,
674.5,763.6289070385676,,,,,,,
1192.0,1203.9620357665171,,,,,,,
455.8,470.7402263467129,,,,,,,
748.9,793.9178827979206,,,,,,,
809.8,858.2105200229619,,,,,,,
761.7,798.2040586129233,,,,,,,
1075.0,1058.2320580564235,,,,,,,
506.3,508.45857351873724,,,,,,,
423.6,408.4478045020064,,,,,,,
399.8,384.7309649923245,,,,,,,
678.1,724.6247071220425,,,,,,,
384.8,383.8737298293238,,,,,,,
288.5,215.855637881216,,,,,,,
813.0,842.4945420346182,,,,,,,
398.0,393.30331662232993,,,,,,,
512.2,537.3188240064223,,,,,,,
355.3,316.1521519522805,,,,,,,
432.8,456.8815912115374,,,,,,,
432.0,469.4543736022122,,,,,,,
689.5,738.7690873115519,,,,,,,
640.1,683.4774192980162,,,,,,,
585.0,599.8969909054626,,,,,,,
519.4,534.032755881587,,,,,,,
203.9,101.98623372930956,,,,,,,
300.2,252.1452597815727,,,,,,,
381.9,353.44188154280437,,,,,,,
538.9,559.7498107716035,,,,,,,
460.3,459.16755164620554,,,,,,,
963.7,1018.2277504497313,,,,,,,
880.2,889.6424759996487,,,,,,,
448.6,438.7367802613592,,,,,,,
366.8,322.295670620451,,,,,,,
419.8,428.16421325101896,,,,,,,
1157.0,1145.384299628146,,,,,,,
1214.0,1208.2482115815196,,,,,,,
464.5,481.7414109385534,,,,,,,
1686.0,1513.9954197183827,,,,,,,
690.2,705.3369159545302,,,,,,,
357.6,323.4386508377851,,,,,,,
886.3,902.5010034446568,,,,,,,
984.6,999.6543219180526,,,,,,,
685.9,715.6237379105369,,,,,,,
464.1,467.4541582218774,,,,,,,
565.4,567.3220547114418,,,,,,,
736.9,805.3476849712611,,,,,,,
372.7,344.01229474979823,,,,,,,
349.6,305.15096736043995,,,,,,,
227.2,118.4165743534868,,,,,,,
302.4,263.86080700924674,,,,,,,
832.9,902.5010034446568,,,,,,,
526.4,512.6018768065733,,,,,,,
508.8,502.31505485056664,,,,,,,
2250.0,1942.613001218658,,,,,,,
1311.0,1379.6952441816297,,,,,,,
766.6,786.7742564395826,,,,,,,
402.0,391.44597376916204,,,,,,,
710.6,754.1993202455617,,,,,,,
317.5,251.85951472723912,,,,,,,
1041.0,1035.372453709742,,,,,,,
420.3,407.8763143933395,,,,,,,
428.9,416.305793496178,,,,,,,
463.7,467.16841316754403,,,,,,,
609.9,689.1923203846866,,,,,,,
507.4,512.74474933374,,,,,,,
288.1,208.56913899571134,,,,,,,
477.4,500.3148394702321,,,,,,,
671.4,775.3444542662419,,,,,,,
516.4,520.0312482192446,,,,,,,
588.9,635.7579952243188,,,,,,,
1024.0,1018.2277504497313,,,,,,,
1148.0,1162.529002888157,,,,,,,
642.7,690.9067907106876,,,,,,,
461.0,463.0251098797082,,,,,,,
951.6,985.3670692013766,,,,,,,
1685.0,1611.1487381917784,,,,,,,
597.8,649.0451402508274,,,,,,,
481.9,499.4576043072316,,,,,,,
716.6,752.1991048652271,,,,,,,
295.4,239.8582224452315,,,,,,,
904.3,908.2159045313272,,,,,,,
529.4,584.181012917119,,,,,,,
725.5,743.4838807080548,,,,,,,
1290.0,1265.397222448223,,,,,,,
428.0,419.7347341481802,,,,,,,
2499.0,2034.051418605383,,,,,,,
948.0,976.7947175713712,,,,,,,
610.7,667.7614413096728,,,,,,,
578.9,640.4727886208218,,,,,,,
432.2,445.59466156536337,,,,,,,
321.2,270.2900707317509,,,,,,,
1230.0,1193.9609588648439,,,,,,,
1223.0,1169.672629246495,,,,,,,
568.9,596.4680502534602,,,,,,,
561.3,606.6119996823002,,,,,,,
313.1,271.2901784219183,,,,,,,
761.3,806.7764102429287,,,,,,,
546.4,548.8914987069297,,,,,,,
641.2,662.6180303316696,,,,,,,
329.6,292.7210574969321,,,,,,,
684.5,733.1970587520482,,,,,,,
496.4,503.17229001356714,,,,,,,
503.2,559.0354481357697,,,,,,,
895.0,961.0787395830278,,,,,,,
395.7,366.1575364606458,,,,,,,
386.8,352.2989013254704,,,,,,,
1319.0,1261.1110466332204,,,,,,,
279.6,201.13976758303988,,,,,,,
603.4,623.7567029423112,,,,,,,
1670.0,1533.9975735217288,,,,,,,
1306.0,1233.9652664715363,,,,,,,
623.9,663.1895204403365,,,,,,,
920.6,961.0787395830278,,,,,,,
575.3,589.3244238951224,,,,,,,
476.5,464.0252175698754,,,,,,,
389.4,397.1608748558326,,,,,,,
590.0,605.8976370464666,,,,,,,
1155.0,1185.3886072348384,,,,,,,
337.7,294.1497827685996,,,,,,,
541.6,542.8908525659258,,,,,,,
512.2,554.6063997936003,,,,,,,
347.0,312.5803387731115,,,,,,,
406.3,396.3036396928319,,,,,,,
1364.0,1325.4036838582617,,,,,,,
407.4,387.87416058999315,,,,,,,
1206.0,1208.2482115815196,,,,,,,
928.2,955.3638384963574,,,,,,,
1169.0,1148.2417501714813,,,,,,,
602.4,647.1877973976598,,,,,,,
1207.0,1249.6812444598797,,,,,,,
713.3,815.3487618729343,,,,,,,
773.5,915.3595308896652,,,,,,,
744.9,822.4923882312721,,,,,,,
1288.0,1239.6801675582067,,,,,,,
933.1,926.7893330630059,,,,,,,
947.8,975.3659922997037,,,,,,,
758.6,769.6295531795715,,,,,,,
928.3,935.3616846930113,,,,,,,
1419.0,1279.684475164899,,,,,,,
346.4,330.72514972328975,,,,,,,
561.0,586.1812282974538,,,,,,,
512.2,517.8881603117431,,,,,,,
344.9,333.8683453209585,,,,,,,
632.6,631.0432018278159,,,,,,,
388.0,372.87254523748356,,,,,,,
1491.0,1445.416606678339,,,,,,,
289.9,219.57032358755168,,,,,,,
998.9,986.7957944730442,,,,,,,
435.6,429.5929385226866,,,,,,,
396.6,366.5861540421463,,,,,,,
1102.0,1068.2331349580966,,,,,,,
572.3,573.0369557981119,,,,,,,
587.4,612.3269007689705,,,,,,,
1138.0,1143.9555743564786,,,,,,,
427.3,401.58992319800177,,,,,,,
1145.0,1158.2428270731543,,,,,,,
805.1,895.3573770863188,,,,,,,
516.6,542.1764899300922,,,,,,,
489.0,481.4556658842198,,,,,,,
441.0,453.4526505595352,,,,,,,
515.9,510.88740648057205,,,,,,,
394.1,394.1605517853304,,,,,,,
396.0,372.01531007448307,,,,,,,
651.0,712.9091598943685,,,,,,,
687.3,727.1964126110443,,,,,,,
513.7,528.7464723764169,,,,,,,
432.7,420.1633517296807,,,,,,,
492.1,509.31580868173774,,,,,,,
582.7,599.0397557424621,,,,,,,
363.7,328.7249343429552,,,,,,,
431.1,412.44823526267555,,,,,,,
633.1,644.1874743271576,,,,,,,
334.2,296.0071256217674,,,,,,,
1217.0,1191.1035083215088,,,,,,,
471.3,490.02801751422544,,,,,,,
1247.0,1265.397222448223,,,,,,,
334.3,296.1499981489342,,,,,,,
403.1,392.30320893216276,,,,,,,
417.2,401.4470506708353,,,,,,,
537.3,542.0336174029253,,,,,,,
246.3,146.13384462383794,,,,,,,
566.2,565.1789668039403,,,,,,,
530.6,522.6029537082461,,,,,,,
418.7,402.87577594250274,,,,,,,
664.9,665.0468632935044,,,,,,,
504.1,516.6023075672424,,,,,,,
409.1,394.3034243124973,,,,,,,
221.2,113.70178095698384,,,,,,,
481.6,472.31182414554723,,,,,,,
461.4,444.5945538751962,,,,,,,
1027.0,1036.8011789814097,,,,,,,
244.5,199.13955220270532,,,,,,,
477.3,463.8823450427085,,,,,,,
324.2,291.29233222526443,,,,,,,
1274.0,1213.96311266819,,,,,,,
504.8,524.1745515070804,,,,,,,
1264.0,1282.5419257082342,,,,,,,
457.9,455.45286593987,,,,,,,
489.9,501.7435647418995,,,,,,,
616.5,627.1856435943134,,,,,,,
446.0,428.0213407238523,,,,,,,
813.7,868.2115969246349,,,,,,,
826.8,876.7839485546403,,,,,,,
793.2,852.4956189362913,,,,,,,
514.0,548.4628811254295,,,,,,,
387.3,368.72924194964753,,,,,,,
390.0,360.7283804283089,,,,,,,
464.4,453.59552308670186,,,,,,,
918.6,938.2191352363463,,,,,,,
514.3,542.1764899300922,,,,,,,
1092.0,1096.8076403914483,,,,,,,
310.8,261.14622899307835,,,,,,,
1747.0,1556.8571778684102,,,,,,,
641.2,686.049124787018,,,,,,,
280.5,221.57053896788636,,,,,,,
373.9,362.29997822714324,,,,,,,
1194.0,1196.8184094081791,,,,,,,
420.3,412.8768528441758,,,,,,,
321.6,286.72041135592826,,,,,,,
445.3,436.16507477235746,,,,,,,
668.7,696.3359467430246,,,,,,,
402.7,384.15947488365737,,,,,,,
426.7,444.3088088208626,,,,,,,
421.0,393.8748067309971,,,,,,,
758.6,871.06904746797,,,,,,,
2010.0,1829.7437047569185,,,,,,,
716.6,741.0550477462198,,,,,,,
384.6,358.72816504797436,,,,,,,
485.8,511.3160240620723,,,,,,,
512.0,556.6066151739349,,,,,,,
593.7,605.6118919921328,,,,,,,
241.0,151.56300065617472,,,,,,,
278.6,195.56773902353632,,,,,,,
491.9,475.5978922703828,,,,,,,
546.1,558.7497030814361,,,,,,,
496.6,510.6016614262387,,,,,,,
838.1,863.925421109632,,,,,,,
552.4,562.1786437334383,,,,,,,
1293.0,1252.538695003215,,,,,,,
1234.0,1251.1099697315472,,,,,,,
458.4,459.7390417548727,,,,,,,
1546.0,1353.9781892916135,,,,,,,
1482.0,1443.9878814066708,,,,,,,
840.4,898.2148276296541,,,,,,,
711.8,736.0545092953835,,,,,,,
1386.0,1359.6930903782838,,,,,,,
1335.0,1266.8259477198908,,,,,,,
579.1,595.8965601447933,,,,,,,
788.5,859.6392452946293,,,,,,,
338.3,343.15505958679785,,,,,,,
562.1,568.0364173472753,,,,,,,
580.6,602.0400788129639,,,,,,,
361.6,388.1599056443265,,,,,,,
386.3,386.15969026399193,,,,,,,
372.7,350.5844309994692,,,,,,,
447.8,466.02543295020996,,,,,,,
462.9,493.0283405847274,,,,,,,
541.8,566.6076920756079,,,,,,,
664.7,683.4774192980162,,,,,,,
462.0,466.4540505317102,,,,,,,
596.6,603.4688040846315,,,,,,,
392.0,389.30288586166057,,,,,,,
1174.0,1182.5311566915034,,,,,,,
321.6,280.2911476334241,,,,,,,
234.3,130.56073916266132,,,,,,,
744.7,803.9189596995936,,,,,,,
1407.0,1403.983573799979,,,,,,,
446.2,456.31010110287025,,,,,,,
609.1,623.1852128336441,,,,,,,
558.1,599.6112458511291,,,,,,,
508.3,527.460619631916,,,,,,,
378.2,345.4410200214659,,,,,,,
431.9,416.16292096901134,,,,,,,
994.0,1118.238519466462,,,,,,,
442.7,428.7357033596861,,,,,,,
525.2,543.6052152017598,,,,,,,
507.6,529.3179624850841,,,,,,,
469.1,459.4532967005391,,,,,,,
370.0,346.58400023879994,,,,,,,
800.0,831.0647398612775,,,,,,,
514.5,521.459973490912,,,,,,,
991.7,1023.9426515364014,,,,,,,
466.1,461.1677670265401,,,,,,,
399.8,376.5872309438191,,,,,,,
373.2,354.1562441786382,,,,,,,
268.8,194.56763133336904,,,,,,,
693.7,734.3400389693822,,,,,,,
719.5,722.624491741708,,,,,,,
433.8,432.307516538855,,,,,,,
271.2,192.42454342586768,,,,,,,
803.1,811.0625860579316,,,,,,,
495.0,496.4572812367294,,,,,,,
380.3,354.58486176013844,,,,,,,
409.7,401.01843308933485,,,,,,,
656.1,744.1982433438886,,,,,,,
408.2,419.0203715123464,,,,,,,
575.3,619.041909545808,,,,,,,
289.7,225.71384225572228,,,,,,,
307.3,243.71578067873384,,,,,,,
333.6,305.15096736043995,,,,,,,
359.9,323.72439589211865,,,,,,,
381.1,347.726980456134,,,,,,,
501.3,497.88600650839703,,,,,,,
685.0,799.6327838845907,,,,,,,
467.8,504.8867603395681,,,,,,,
1250.0,1252.538695003215,,,,,,,
1110.0,1108.237442564789,,,,,,,
673.7,696.6216917973579,,,,,,,
599.5,642.7587490554902,,,,,,,
509.2,522.0314635995792,,,,,,,
611.2,623.6138304151445,,,,,,,
592.6,607.8978524268011,,,,,,,
606.5,620.8992523989762,,,,,,,
371.5,365.72891887914557,,,,,,,
928.8,946.791486866352,,,,,,,
585.9,603.4688040846315,,,,,,,
340.9,295.57850804026714,,,,,,,
990.0,1019.6564757213987,,,,,,,
441.3,449.7379648531994,,,,,,,
981.6,1016.7990251780634,,,,,,,
674.8,710.766071986867,,,,,,,
659.7,687.4778500586854,,,,,,,
1384.0,1313.973881684921,,,,,,,
432.0,438.59390773419227,,,,,,,
1191.0,1165.3864534314923,,,,,,,
442.5,437.7366725711918,,,,,,,
644.2,681.9058214991819,,,,,,,
492.9,492.7425955303938,,,,,,,
557.2,574.4656810697795,,,,,,,
415.1,410.59089240950766,,,,,,,
537.9,542.4622349844255,,,,,,,
520.2,521.1742284365787,,,,,,,
290.9,222.1420290765534,,,,,,,
930.9,929.6467836063409,,,,,,,
2501.0,2011.1918142587022,,,,,,,
646.1,658.9033446253338,,,,,,,
412.7,396.44651221999857,,,,,,,
537.3,545.0339404734273,,,,,,,
542.9,582.0379250096178,,,,,,,
536.9,569.3222700917763,,,,,,,
286.3,213.2839323922144,,,,,,,
980.5,1041.0873547964125,,,,,,,
408.8,432.1646440116881,,,,,,,
289.1,219.427451060385,,,,,,,
449.9,438.87965278852585,,,,,,,
686.9,718.9098060353724,,,,,,,
465.4,447.023386837031,,,,,,,
358.9,346.8697452931334,,,,,,,
506.9,525.174659197248,,,,,,,
618.4,661.189305060002,,,,,,,
599.4,612.041155714637,,,,,,,
404.9,398.0181100188329,,,,,,,
815.8,909.6446298029948,,,,,,,
455.3,459.4532967005391,,,,,,,
602.9,608.612215062635,,,,,,,
546.3,588.4671887321217,,,,,,,
571.1,594.7535799274594,,,,,,,
747.2,809.6338607862638,,,,,,,
476.7,524.6031690885809,,,,,,,
666.0,686.9063599500184,,,,,,,
1167.0,1171.1013545181625,,,,,,,
420.5,419.44898909384665,,,,,,,
857.6,871.06904746797,,,,,,,
466.5,457.8816989017048,,,,,,,
992.1,978.2234428430388,,,,,,,
1007.0,1032.515003166407,,,,,,,
477.3,467.16841316754403,,,,,,,
538.7,541.8907448757586,,,,,,,
680.9,714.1950126388695,,,,,,,
485.6,522.3172086539128,,,,,,,
480.1,490.313762568559,,,,,,,
1068.0,1073.948036044767,,,,,,,
1320.0,1309.6877058699183,,,,,,,
689.4,751.4847422293933,,,,,,,
595.9,660.0463248426679,,,,,,,
476.3,501.7435647418995,,,,,,,
1682.0,1513.9954197183827,,,,,,,
248.7,219.427451060385,,,,,,,
272.5,257.00292570524255,,,,,,,
453.1,476.3122549062166,,,,,,,
366.5,358.87103757514114,,,,,,,
819.8,836.7796409479481,,,,,,,
731.3,823.9211135029398,,,,,,,
426.0,431.1645363215209,,,,,,,
680.7,693.3356236725226,,,,,,,
556.7,607.326362318134,,,,,,,
658.8,688.0493401673525,,,,,,,
701.9,730.4824807358798,,,,,,,
391.2,380.4447891773218,,,,,,,
1052.0,1066.804409686429,,,,,,,
1214.0,1205.3907610381846,,,,,,,
493.1,547.4627734352623,,,,,,,
493.8,519.7455031649113,,,,,,,
257.8,197.567954403871,,,,,,,
1841.0,1705.444606121839,,,,,,,
388.1,359.58540021097497,,,,,,,
571.0,608.612215062635,,,,,,,
293.2,241.00120266256545,,,,,,,
221.3,119.98817215232111,,,,,,,
551.1,590.1816590581229,,,,,,,
468.5,468.74001096637835,,,,,,,
594.2,631.1860743549828,,,,,,,
445.2,452.88116045086826,,,,,,,
422.9,425.163890180517,,,,,,,
416.2,415.4485583331773,,,,,,,
575.5,594.7535799274594,,,,,,,
1299.0,1265.397222448223,,,,,,,
365.6,352.2989013254704,,,,,,,
1308.0,1309.6877058699183,,,,,,,
629.8,680.6199687546809,,,,,,,
406.4,432.0217714845214,,,,,,,
178.8,26.406666858094354,,,,,,,
170.4,31.550077836097785,,,,,,,
402.9,407.447696811839,,,,,,,
656.4,709.7659642966998,,,,,,,
668.6,693.9071137811895,,,,,,,
538.4,553.6062921034327,,,,,,,
584.8,623.4709578879776,,,,,,,
573.2,586.609845878954,,,,,,,
324.9,274.0047564380867,,,,,,,
320.8,281.7198729050915,,,,,,,
285.7,213.1410598650475,,,,,,,
361.6,325.1531211637862,,,,,,,
360.5,319.7239651314494,,,,,,,
378.4,362.29997822714324,,,,,,,
507.9,503.17229001356714,,,,,,,
264.0,183.99506432302883,,,,,,,
514.3,519.6026306377444,,,,,,,
321.4,279.14816741609,,,,,,,
311.7,265.71814986241475,,,,,,,
271.3,187.56687750219783,,,,,,,
657.1,718.0525708723717,,,,,,,
403.5,405.59035395867113,,,,,,,
600.4,646.4734347618257,,,,,,,
386.0,350.5844309994692,,,,,,,
716.9,818.2062124162694,,,,,,,
1347.0,1383.9814199966327,,,,,,,
1479.0,1369.6941672799567,,,,,,,
1261.0,1215.3918379398576,,,,,,,
858.1,888.213750727981,,,,,,,
1265.0,1342.5483871182726,,,,,,,
181.0,25.54943169509386,,,,,,,
1001.0,1294.7485765631793,,,,,,,
1326.0,649.1376068494562,,,,,,,
1203.0,983.7530484693737,,,,,,,
386.1,1116.993586308979,,,,,,,
1297.0,985.5699648944593,,,,,,,
477.1,863.8365644137291,,,,,,,
1040.0,727.2650131281338,,,,,,,
577.9,669.6081985720864,,,,,,,
519.8,948.9288169885679,,,,,,,
475.9,1074.296050319469,,,,,,,
797.8,485.88766605552183,,,,,,,
781.0,687.4139795379247,,,,,,,
1123.0,1011.3096142498375,,,,,,,
782.7,686.9294684912352,,,,,,,
578.3,1030.3872367132356,,,,,,,
658.8,882.3085480687653,,,,,,,
684.5,609.922494008027,,,,,,,
798.8,907.4425586157816,,,,,,,
1260.0,833.857443399818,,,,,,,
566.3,587.7863955624017,,,,,,,
520.0,524.3154484460806,,,,,,,
273.9,475.50096049211623,,,,,,,
704.4,1014.9434471000086,,,,,,,
1404.0,718.1804310027062,,,,,,,
904.6,847.7871359921403,,,,,,,
912.7,1060.9719965355084,,,,,,,
644.8,817.5051955740482,,,,,,,
1094.0,837.1884568458081,,,,,,,
732.4,895.6326018527258,,,,,,,
955.1,685.0217062448953,,,,,,,
1088.0,1088.2257429117913,,,,,,,
440.6,754.8215789085975,,,,,,,
899.3,1117.9020445215215,,,,,,,
1162.0,887.7592973440218,,,,,,,
807.2,796.0050178772028,,,,,,,
869.5,794.1881014521173,,,,,,,
633.0,785.4063387308706,,,,,,,
523.8,463.56987596738793,,,,,,,
698.8,458.60363773882085,,,,,,,
559.2,707.8845712605548,,,,,,,
563.0,480.1643793165024,,,,,,,
371.1,702.1310025811174,,,,,,,
1104.0,1024.028029225436,,,,,,,
545.2,684.1738119131887,,,,,,,
531.5,636.0860905292585,,,,,,,
1076.0,983.7530484693737,,,,,,,
201.9,434.07526600016627,,,,,,,
534.6,757.2441341420449,,,,,,,
449.3,585.6060958522991,,,,,,,
561.0,529.8570435425916,,,,,,,
427.9,436.16471988901463,,,,,,,
571.8,442.22110797263304,,,,,,,
437.6,445.70353112071365,,,,,,,
1033.0,922.5835288248277,,,,,,,
712.8,545.0585776324738,,,,,,,
409.0,477.9235157255636,,,,,,,
1152.0,786.6176163475943,,,,,,,
656.9,777.5330342221666,,,,,,,
527.2,388.083054893168,,,,,,,
224.5,448.3986238179238,,,,,,,
311.9,418.81316802944787,,,,,,,
221.8,476.8333658705123,,,,,,,
645.7,1032.506972542502,,,,,,,
260.9,567.3158038397714,,,,,,,
499.0,727.5678325323147,,,,,,,
668.3,769.6597297134628,,,,,,,
269.4,451.75991920433205,,,,,,,
394.1,498.30326162693956,,,,,,,
250.5,1333.812279702518,,,,,,,
502.5,496.60747296352645,,,,,,,
1130.0,713.0325011316305,,,,,,,
244.0,646.5939238543365,,,,,,,
929.4,898.3579764903541,,,,,,,
584.1,621.8535785327553,,,,,,,
470.9,488.09824770604257,,,,,,,
817.7,681.8118205605776,,,,,,,
559.2,594.2364488714553,,,,,,,
1006.0,895.9354212569067,,,,,,,
1245.0,1522.771587911413,,,,,,,
506.3,503.75401090219617,,,,,,,
401.5,525.0119330756968,,,,,,,
520.0,739.9834281037324,,,,,,,
1878.0,1397.1015351763306,,,,,,,
1132.0,972.5487305146797,,,,,,,
443.3,511.6878792917363,,,,,,,
1075.0,790.2514491977654,,,,,,,
648.2,750.5821072500646,,,,,,,
1076.0,830.5264299538278,,,,,,,
466.1,568.13341623106,,,,,,,
651.9,687.7773628229418,,,,,,,
662.7,479.92212379315765,,,,,,,
728.2,725.7509161072292,,,,,,,
551.7,484.7369523196343,,,,,,,
555.1,506.32797583773396,,,,,,,
705.6,900.7805317238015,,,,,,,
1264.0,829.617971741285,,,,,,,
451.1,461.38957625728534,,,,,,,
294.5,406.6670817277511,,,,,,,
412.6,513.0505666105504,,,,,,,
642.5,670.2744012612845,,,,,,,
582.7,647.1692807222803,,,,,,,
143.5,385.98754461623605,,,,,,,
458.7,458.14940863254947,,,,,,,
298.3,572.3426059491746,,,,,,,
336.1,476.68195616842183,,,,,,,
530.2,1013.1265306749231,,,,,,,
412.5,600.0808633721471,,,,,,,
466.7,466.0227131412534,,,,,,,
1509.0,1677.2094840436826,,,,,,,
396.5,541.4247447823027,,,,,,,
290.2,517.2294743882471,,,,,,,
480.4,708.4902100689167,,,,,,,
629.9,1295.3542153715412,,,,,,,
334.2,582.0933907638004,,,,,,,
230.9,511.11252242379254,,,,,,,
438.6,486.7658423276465,,,,,,,
245.2,666.4891587090231,,,,,,,
682.5,897.7523376819922,,,,,,,
782.6,1031.90133373414,,,,,,,
982.0,606.8337360853816,,,,,,,
403.3,492.33771936457543,,,,,,,
1077.0,827.1954165078376,,,,,,,
1761.0,1678.4207616604062,,,,,,,
640.7,653.7404617930063,,,,,,,
553.5,631.0290064794372,,,,,,,
588.7,428.9879000099268,,,,,,,
572.6,546.0275997258527,,,,,,,
1138.0,666.7314142323678,,,,,,,
674.5,730.5960265741239,,,,,,,
1192.0,1156.6629282566796,,,,,,,
455.8,472.4424845098889,,,,,,,
748.9,829.920791145466,,,,,,,
809.8,701.8281831769365,,,,,,,
761.7,602.049189499323,,,,,,,
1075.0,735.1383176368378,,,,,,,
506.3,528.6457659258679,,,,,,,
423.6,494.7602745980228,,,,,,,
399.8,492.0651819008126,,,,,,,
678.1,852.0266076506732,,,,,,,
384.8,526.3443384540928,,,,,,,
288.5,385.98754461623605,,,,,,,
813.0,672.0610357459519,,,,,,,
398.0,447.4901656053811,,,,,,,
512.2,534.1873610223787,,,,,,,
355.3,454.15219249736134,,,,,,,
432.8,498.33354356735765,,,,,,,
432.0,888.3649361523837,,,,,,,
689.5,660.0391053999695,,,,,,,
640.1,642.9903729445836,,,,,,,
585.0,473.2298149607593,,,,,,,
519.4,480.9517097673728,,,,,,,
203.9,786.0119775392325,,,,,,,
300.2,1629.9696569914586,,,,,,,
381.9,446.0063505248946,,,,,,,
538.9,667.3976169215657,,,,,,,
460.3,503.6328831405238,,,,,,,
963.7,947.7175393718442,,,,,,,
880.2,541.9395377694102,,,,,,,
448.6,445.70353112071365,,,,,,,
366.8,395.3446642054265,,,,,,,
419.8,593.2068628972402,,,,,,,
1157.0,747.2510938040746,,,,,,,
1214.0,1145.4586103019856,,,,,,,
464.5,548.6015646613905,,,,,,,
1686.0,786.9204357517751,,,,,,,
690.2,444.94648261026134,,,,,,,
357.6,462.6311358144271,,,,,,,
886.3,641.0220468174075,,,,,,,
984.6,1039.774638242844,,,,,,,
685.9,464.7811535841116,,,,,,,
464.1,506.72164106316916,,,,,,,
565.4,563.3791515854194,,,,,,,
736.9,1001.3165739118671,,,,,,,
372.7,457.5437698241876,,,,,,,
349.6,385.98754461623605,,,,,,,
227.2,385.98754461623605,,,,,,,
302.4,781.7725058806996,,,,,,,
832.9,928.9427363126271,,,,,,,
526.4,390.81751411292174,,,,,,,
508.8,413.8257324425881,,,,,,,
2250.0,1255.3820540196598,,,,,,,
1311.0,1139.099402814186,,,,,,,
766.6,585.6363777927172,,,,,,,
402.0,573.1602183404632,,,,,,,
710.6,548.7529743634809,,,,,,,
317.5,390.82357050100535,,,,,,,
1041.0,633.3607158916302,,,,,,,
420.3,501.3314556687488,,,,,,,
428.9,457.2409504200067,,,,,,,
463.7,502.391323583382,,,,,,,
609.9,985.8727842986402,,,,,,,
507.4,480.2249431973386,,,,,,,
288.1,385.98754461623605,,,,,,,
477.4,714.5465981525351,,,,,,,
671.4,899.8720735112587,,,,,,,
516.4,503.2694998555067,,,,,,,
588.9,805.3924194068114,,,,,,,
1024.0,719.9973474277917,,,,,,,
1148.0,723.3283608737818,,,,,,,
642.7,743.3144415497226,,,,,,,
461.0,512.7780291467876,,,,,,,
951.6,699.70844734767,,,,,,,
1685.0,1452.8203055456202,,,,,,,
597.8,857.7801763301106,,,,,,,
481.9,628.3944776630632,,,,,,,
716.6,614.6161947728312,,,,,,,
295.4,439.16263199040577,,,,,,,
904.3,596.4470305219761,,,,,,,
529.4,649.5918359557277,,,,,,,
725.5,564.4087375596346,,,,,,,
1290.0,882.6113674729462,,,,,,,
428.0,466.8100435921238,,,,,,,
2499.0,1355.3124573993637,,,,,,,
948.0,895.3297824485448,,,,,,,
610.7,723.6311802779628,,,,,,,
578.9,685.8090366957658,,,,,,,
432.2,586.9385012306951,,,,,,,
321.2,560.8354685902997,,,,,,,
1230.0,771.1738267343674,,,,,,,
1223.0,732.7157624033904,,,,,,,
568.9,503.7237289617781,,,,,,,
561.3,624.0035963024397,,,,,,,
313.1,439.5260152754229,,,,,,,
761.3,733.3214012117522,,,,,,,
546.4,493.6095608621353,,,,,,,
641.2,559.3213715693951,,,,,,,
329.6,406.1038376359746,,,,,,,
684.5,582.9715670359251,,,,,,,
496.4,550.6607366098208,,,,,,,
503.2,899.2664347028968,,,,,,,
895.0,964.3726066017948,,,,,,,
395.7,435.4379533189804,,,,,,,
386.8,401.0285844219024,,,,,,,
1319.0,856.568898713387,,,,,,,
279.6,436.0133101869242,,,,,,,
603.4,430.2597415074867,,,,,,,
1670.0,976.4853827690316,,,,,,,
1306.0,659.7968498766247,,,,,,,
623.9,719.9973474277917,,,,,,,
920.6,815.0826403406008,,,,,,,
575.3,528.4640742833593,,,,,,,
476.5,417.874427876487,,,,,,,
389.4,854.7519822883014,,,,,,,
590.0,528.2218187600146,,,,,,,
1155.0,1006.4645037829428,,,,,,,
337.7,532.2795987760389,,,,,,,
541.6,517.2900382690833,,,,,,,
512.2,802.0614059608213,,,,,,,
347.0,458.0282808708771,,,,,,,
406.3,517.0477827457386,,,,,,,
1364.0,1207.2337687548934,,,,,,,
407.4,465.87130343916294,,,,,,,
1206.0,1117.9020445215215,,,,,,,
928.2,769.3569103092818,,,,,,,
1169.0,803.5755029817258,,,,,,,
602.4,682.4174593689395,,,,,,,
1207.0,926.2173616749988,,,,,,,
713.3,1127.2894460511302,,,,,,,
773.5,1347.7419722948405,,,,,,,
744.9,916.2243213370284,,,,,,,
1288.0,845.9702195670548,,,,,,,
933.1,473.53263436494024,,,,,,,
947.8,679.631520850475,,,,,,,
758.6,513.4442318359856,,,,,,,
928.3,660.3722067445683,,,,,,,
1419.0,799.9416701315547,,,,,,,
346.4,579.3982980665902,,,,,,,
561.0,509.295605998707,,,,,,,
512.2,504.0871122467952,,,,,,,
344.9,641.809377268278,,,,,,,
632.6,407.9419514193528,,,,,,,
388.0,484.8580800813067,,,,,,,
1491.0,1050.6761367933573,,,,,,,
289.9,419.3885248973916,,,,,,,
998.9,558.5643230589428,,,,,,,
435.6,565.529169355104,,,,,,,
396.6,390.49046915640633,,,,,,,
1102.0,628.8487067693345,,,,,,,
572.3,446.46057963116596,,,,,,,
587.4,521.6203557488705,,,,,,,
1138.0,967.7036200477849,,,,,,,
427.3,453.9705008548528,,,,,,,
1145.0,878.3718958144133,,,,,,,
805.1,975.8797439606698,,,,,,,
516.6,723.6311802779628,,,,,,,
489.0,391.61998553400116,,,,,,,
441.0,585.0610209247734,,,,,,,
515.9,454.42472996112417,,,,,,,
394.1,666.822260053622,,,,,,,
396.0,458.63391967923894,,,,,,,
651.0,798.4275731106502,,,,,,,
687.3,565.862270699703,,,,,,,
513.7,572.3728878895928,,,,,,,
432.7,467.38540046006756,,,,,,,
492.1,424.99068387473864,,,,,,,
582.7,418.1772472806679,,,,,,,
363.7,423.41602297299784,,,,,,,
431.1,467.2945546388133,,,,,,,
633.1,460.93534715101396,,,,,,,
334.2,461.5409859593758,,,,,,,
1217.0,1051.2817756017191,,,,,,,
471.3,592.813197671805,,,,,,,
1247.0,1077.3242443612783,,,,,,,
334.3,455.54516175659353,,,,,,,
403.1,487.250353374336,,,,,,,
417.2,445.76409500154983,,,,,,,
537.3,390.4117361113193,,,,,,,
246.3,397.13432688413576,,,,,,,
566.2,394.33930378354586,,,,,,,
530.6,399.7930812528442,,,,,,,
418.7,433.9238562980758,,,,,,,
664.9,429.8055124012153,,,,,,,
504.1,508.68996719034516,,,,,,,
409.1,427.3829571677679,,,,,,,
221.2,385.98754461623605,,,,,,,
481.6,399.53265656524866,,,,,,,
461.4,419.99416370575346,,,,,,,
1027.0,728.1734713406765,,,,,,,
244.5,984.0558678735547,,,,,,,
477.3,426.6259086573156,,,,,,,
324.2,589.6638758683234,,,,,,,
1274.0,735.7439564451996,,,,,,,
504.8,501.05891820498596,,,,,,,
1264.0,1162.719316340298,,,,,,,
457.9,446.3697338099117,,,,,,,
489.9,482.67778037120405,,,,,,,
616.5,439.43516945416854,,,,,,,
446.0,390.6691326048731,,,,,,,
813.7,833.554623995637,,,,,,,
826.8,930.7596527377126,,,,,,,
793.2,750.5821072500646,,,,,,,
514.0,601.2012951676164,,,,,,,
387.3,401.14668398953296,,,,,,,
390.0,388.93609715474565,,,,,,,
464.4,409.4742176045083,,,,,,,
918.6,842.6392061210646,,,,,,,
514.3,499.18143789906424,,,,,,,
1092.0,706.9761130480122,,,,,,,
310.8,462.0254970060653,,,,,,,
1747.0,1084.8947294658014,,,,,,,
641.2,628.4550415438994,,,,,,,
280.5,641.0220468174075,,,,,,,
373.9,549.4191770526791,,,,,,,
1194.0,950.1400946052916,,,,,,,
420.3,507.2969979311129,,,,,,,
321.6,494.4271732534238,,,,,,,
445.3,408.7292818702232,,,,,,,
668.7,525.5267260628043,,,,,,,
402.7,464.3269244778403,,,,,,,
426.7,421.4476968458219,,,,,,,
421.0,411.13972432750336,,,,,,,
758.6,1268.4032883994391,,,,,,,
2010.0,1405.8832978975774,,,,,,,
716.6,759.9695087796732,,,,,,,
384.6,522.4076861997409,,,,,,,
485.8,697.8915309225845,,,,,,,
512.0,676.7850184511743,,,,,,,
593.7,431.47101912421033,,,,,,,
241.0,528.9485853300488,,,,,,,
278.6,468.0516031492656,,,,,,,
491.9,389.60320830215625,,,,,,,
546.1,487.250353374336,,,,,,,
496.6,467.38540046006756,,,,,,,
838.1,563.5002793470918,,,,,,,
552.4,452.0324566680949,,,,,,,
1293.0,682.7202787731203,,,,,,,
1234.0,882.9141868771271,,,,,,,
458.4,518.9858269324965,,,,,,,
1546.0,739.6806086995516,,,,,,,
1482.0,1127.2894460511302,,,,,,,
840.4,934.3934855878837,,,,,,,
711.8,488.73416845482245,,,,,,,
1386.0,971.0346334937751,,,,,,,
1335.0,848.3927748005021,,,,,,,
579.1,463.3881843248794,,,,,,,
788.5,587.3927303369665,,,,,,,
338.3,1076.4157861487356,,,,,,,
562.1,424.47589088763107,,,,,,,
580.6,514.6555094527093,,,,,,,
361.6,897.4495182778113,,,,,,,
386.3,625.2148739191634,,,,,,,
372.7,493.3673053387906,,,,,,,
447.8,626.5169973571415,,,,,,,
462.9,564.4087375596346,,,,,,,
541.8,539.7289561188895,,,,,,,
664.7,640.0530247240287,,,,,,,
462.0,593.0857351355678,,,,,,,
596.6,447.9141127712344,,,,,,,
392.0,690.9266846264234,,,,,,,
1174.0,948.0203587760251,,,,,,,
321.6,444.2197160402271,,,,,,,
234.3,385.98754461623605,,,,,,,
744.7,958.6190379223573,,,,,,,
1407.0,1236.9100703646236,,,,,,,
446.2,530.8260656359705,,,,,,,
609.1,467.1734268771409,,,,,,,
558.1,645.8065934034661,,,,,,,
508.3,609.7710843059365,,,,,,,
378.2,468.1121670301018,,,,,,,
431.9,472.38192062905273,,,,,,,
994.0,1351.6786245491926,,,,,,,
442.7,464.902281345784,,,,,,,
525.2,508.8413768924356,,,,,,,
507.6,485.79682023426756,,,,,,,
469.1,449.85215695799224,,,,,,,
370.0,535.7014580432833,,,,,,,
800.0,552.5382169157425,,,,,,,
514.5,571.4947116174682,,,,,,,
991.7,749.673649037522,,,,,,,
466.1,483.2228552987297,,,,,,,
399.8,470.2621847997863,,,,,,,
373.2,478.22633512974454,,,,,,,
268.8,499.09059207780996,,,,,,,
693.7,593.6913739439296,,,,,,,
719.5,527.8887174154155,,,,,,,
433.8,463.35790238446134,,,,,,,
271.2,447.9746766520705,,,,,,,
803.1,846.8786777795975,,,,,,,
495.0,457.45292400293334,,,,,,,
380.3,413.1050222606375,,,,,,,
409.7,552.0839878094712,,,,,,,
656.1,825.0756806785712,,,,,,,
408.2,600.8984757634355,,,,,,,
575.3,678.4202432337513,,,,,,,
289.7,413.0414301857595,,,,,,,
307.3,393.4671838995048,,,,,,,
333.6,577.8236371648494,,,,,,,
359.9,495.4264772872208,,,,,,,
381.1,427.4435210486041,,,,,,,
501.3,428.44282508240116,,,,,,,
685.0,1213.5929762426927,,,,,,,
467.8,620.4000453926869,,,,,,,
1250.0,1031.90133373414,,,,,,,
1110.0,868.6816748806239,,,,,,,
673.7,487.31091725517217,,,,,,,
599.5,726.9621937239529,,,,,,,
509.2,440.4041915475475,,,,,,,
611.2,493.00392205377346,,,,,,,
592.6,426.6259086573156,,,,,,,
606.5,449.1859542687942,,,,,,,
371.5,672.3638551501328,,,,,,,
928.8,750.5821072500646,,,,,,,
585.9,417.9349917573232,,,,,,,
340.9,446.3394518694936,,,,,,,
990.0,716.0606951734397,,,,,,,
441.3,550.7515824310751,,,,,,,
981.6,900.1748929154396,,,,,,,
674.8,509.2047601774527,,,,,,,
659.7,652.9834132825539,,,,,,,
1384.0,862.0196479886436,,,,,,,
432.0,651.7721356658303,,,,,,,
1191.0,887.15365853566,,,,,,,
442.5,508.78081301159943,,,,,,,
644.2,594.781523798981,,,,,,,
492.9,475.80377989629716,,,,,,,
557.2,471.3523346548376,,,,,,,
415.1,602.8062380097754,,,,,,,
537.9,469.9290834551873,,,,,,,
520.2,422.5075647604551,,,,,,,
290.9,432.65201480051593,,,,,,,
930.9,690.9266846264234,,,,,,,
2501.0,1486.736078813883,,,,,,,
646.1,491.2475695095241,,,,,,,
412.7,487.94683800395205,,,,,,,
537.3,533.1274931077455,,,,,,,
542.9,691.835142838966,,,,,,,
536.9,714.5465981525351,,,,,,,
286.3,430.77453449459426,,,,,,,
980.5,1032.809791946683,,,,,,,
408.8,694.8633368807753,,,,,,,
289.1,475.2587049687715,,,,,,,
449.9,457.66489758586,,,,,,,
686.9,553.719212592048,,,,,,,
465.4,385.98754461623605,,,,,,,
358.9,540.879669854777,,,,,,,
506.9,562.6826669558034,,,,,,,
618.4,539.3050089530362,,,,,,,
599.4,453.33458010607285,,,,,,,
404.9,546.7240843554688,,,,,,,
815.8,1063.091732364775,,,,,,,
455.3,474.28968287539254,,,,,,,
602.9,476.68195616842183,,,,,,,
546.3,561.1988518753169,,,,,,,
571.1,523.7098096377188,,,,,,,
747.2,746.6454549957127,,,,,,,
476.7,853.5407046715778,,,,,,,
666.0,543.2113792669702,,,,,,,
1167.0,1069.1481204483935,,,,,,,
420.5,515.5639676652521,,,,,,,
857.6,496.4863452018541,,,,,,,
466.5,437.8907904928459,,,,,,,
992.1,520.5907697746554,,,,,,,
1007.0,740.2862475079135,,,,,,,
477.3,407.7087804781335,,,,,,,
538.7,440.4950373688018,,,,,,,
680.9,592.6315060292964,,,,,,,
485.6,628.7578609480803,,,,,,,
480.1,495.2750675851304,,,,,,,
1068.0,837.491276249989,,,,,,,
1320.0,1048.5564009640907,,,,,,,
689.4,619.794406584325,,,,,,,
595.9,796.9134760897455,,,,,,,
476.3,565.4988874146859,,,,,,,
1682.0,893.5128660234593,,,,,,,
248.7,680.630824884272,,,,,,,
272.5,745.73699678317,,,,,,,
453.1,633.5424075341389,,,,,,,
366.5,509.0230685349442,,,,,,,
819.8,553.3255473666129,,,,,,,
731.3,1000.7109351035053,,,,,,,
426.0,589.6638758683234,,,,,,,
680.7,489.43065308443863,,,,,,,
556.7,823.5615836576666,,,,,,,
658.8,634.9656587337892,,,,,,,
701.9,612.6781505860733,,,,,,,
391.2,516.2604522948682,,,,,,,
1052.0,861.1111897761009,,,,,,,
1214.0,813.2657239155153,,,,,,,
493.1,532.0979071335304,,,,,,,
493.8,503.48147343843334,,,,,,,
257.8,486.8869700893189,,,,,,,
1841.0,1085.500368274163,,,,,,,
388.1,401.3314038260833,,,,,,,
571.0,549.055793767662,,,,,,,
293.2,456.54446579039063,,,,,,,
221.3,463.66072178864226,,,,,,,
551.1,513.2019763126409,,,,,,,
468.5,475.5615243729524,,,,,,,
594.2,691.835142838966,,,,,,,
445.2,500.4835613370422,,,,,,,
422.9,545.9367539045984,,,,,,,
416.2,513.1716943722228,,,,,,,
575.5,439.0415042287334,,,,,,,
1299.0,847.1814971837784,,,,,,,
365.6,545.3613970366547,,,,,,,
1308.0,1017.3660023334559,,,,,,,
629.8,829.0123329329233,,,,,,,
406.4,522.7105056039218,,,,,,,
178.8,385.98754461623605,,,,,,,
170.4,666.156057364424,,,,,,,
402.9,589.9969772129224,,,,,,,
656.4,691.5323234347852,,,,,,,
668.6,510.29491003250405,,,,,,,
538.4,476.4397006450771,,,,,,,
584.8,497.6673408781596,,,,,,,
573.2,476.0460354196419,,,,,,,
324.9,416.6328683193452,,,,,,,
320.8,517.9562409582813,,,,,,,
285.7,456.7564393733172,,,,,,,
361.6,432.8639883834426,,,,,,,
360.5,385.98754461623605,,,,,,,
378.4,532.0676251931122,,,,,,,
507.9,446.46057963116596,,,,,,,
264.0,506.99417852693205,,,,,,,
514.3,573.5841655063165,,,,,,,
321.4,567.6489051843705,,,,,,,
311.7,401.20421967632734,,,,,,,
271.3,385.98754461623605,,,,,,,
657.1,697.5887115184036,,,,,,,
403.5,722.7227220654199,,,,,,,
600.4,521.1055627617629,,,,,,,
386.0,385.98754461623605,,,,,,,
716.9,1158.177025277584,,,,,,,
1347.0,1347.1363334864786,,,,,,,
1479.0,1124.564071413502,,,,,,,
1261.0,822.047486636762,,,,,,,
858.1,666.125775424006,,,,,,,
1265.0,1450.094930907992,,,,,,,
181.0,385.98754461623605,,,,,,,
